run,generation,population_size,best_shape_error,best_candidate_index,model
1,5,1024,0.0034106617562482,961,SEP-CNN
2,5,1024,0.0034106617562482,961,SEP-CNN
3,5,1024,0.0034106617562482,961,SEP-CNN
4,5,1024,0.0034106617562482,961,SEP-CNN
5,5,1024,0.0034106617562482,961,SEP-CNN
6,5,1024,0.0034106617562482,961,SEP-CNN
7,5,1024,0.0034106617562482,961,SEP-CNN
8,5,1024,0.0034106617562482,961,SEP-CNN
9,5,1024,0.0034106617562482,961,SEP-CNN
10,5,1024,0.0034106617562482,961,SEP-CNN
1,5,1024,0.0001163629606789,961,ResNet
2,5,1024,0.0001163629606789,961,ResNet
3,5,1024,0.0001163629606789,961,ResNet
4,5,1024,0.0001163629606789,961,ResNet
5,5,1024,0.0001163629606789,961,ResNet
6,5,1024,0.0001163629606789,961,ResNet
7,5,1024,0.0001163629606789,961,ResNet
8,5,1024,0.0001163629606789,961,ResNet
9,5,1024,0.0001163629606789,961,ResNet
10,5,1024,0.0001163629606789,961,ResNet
