run,generation,population_size,unique_candidates,unique_prefixes,best_shape_error,mean_shape_error,std_shape_error,best_candidate_index,best_chromosome,selected_prefix
1,0,2000,1998,882,0.0018141925477430938,0.056373652916416064,0.06663177712804363,83,"[[1,1,0,0,1,1,1,1,0,1],[1,1,1,0,1,0,0,0,0,1]]",
1,1,2000,1919,255,0.0018141925477430938,0.04065202617895657,0.046307546190782645,0,"[[1,1,0,0,1,1,1,1,0,1],[1,1,1,0,1,0,0,0,0,1]]",
1,2,2000,1599,64,0.0015908801212517667,0.025980914295793533,0.030337777914658238,1452,"[[1,1,0,1,0,1,1,1,1,0],[1,1,1,1,0,0,0,0,0,1]]",
1,3,2000,1767,16,0.001497993634619114,0.01628539816565074,0.016464581031605776,0,"[[1,1,0,1,0,1,1,1,0,0],[1,1,1,1,0,0,0,0,0,1]]",
1,4,2000,1459,4,0.001754165171474531,0.00990533953900933,0.008174556753914737,138,"[[1,1,0,0,1,1,1,1,0,1],[1,1,1,0,1,0,0,0,1,1]]","[[[1,1,0,0,0],[1,1,1,0,1]]]"
1,5,1024,1024,1,0.0034106617562482612,0.02076933188459644,0.010632950260577707,961,"[[1,1,0,0,0,1,1,1,1,0],[1,1,1,0,1,0,0,0,0,1]]","[[[1,1,0,0,0],[1,1,1,0,1]]]"
2,0,2000,2000,894,0.001962603916707441,0.05732070485963732,0.06947173797831989,1297,"[[0,1,0,1,0,1,1,0,1,0],[0,1,1,1,0,0,0,0,1,0]]",
2,1,2000,1764,256,0.0014878390036865406,0.041521802668563174,0.04614359150040351,776,"[[1,1,0,1,1,1,1,1,0,0],[1,1,1,1,1,0,0,0,0,0]]",
2,2,2000,1798,64,0.0014878390036865406,0.026106934046001045,0.02731977418885007,0,"[[1,1,0,1,1,1,1,1,0,0],[1,1,1,1,1,0,0,0,0,0]]",
2,3,2000,1521,16,0.0014878390036865406,0.017213403503340757,0.01816180513388267,0,"[[1,1,0,1,1,1,1,1,0,0],[1,1,1,1,1,0,0,0,0,0]]",
2,4,2000,1349,4,0.001754165171474531,0.010344024739753,0.008559452534148991,363,"[[1,1,0,0,1,1,1,1,0,1],[1,1,1,0,1,0,0,0,1,1]]","[[[1,1,0,0,0],[1,1,1,0,1]]]"
2,5,1024,1024,1,0.0034106617562482612,0.02076933188459644,0.010632950260577707,961,"[[1,1,0,0,0,1,1,1,1,0],[1,1,1,0,1,0,0,0,0,1]]","[[[1,1,0,0,0],[1,1,1,0,1]]]"
3,0,2000,1998,875,0.0013154873366855895,0.056795157520677556,0.06997665251187357,1895,"[[0,1,0,1,1,1,1,1,1,1],[0,1,1,1,1,0,0,0,1,1]]",
3,1,2000,1761,254,0.0016224253235322058,0.038075980913239445,0.04280383944325348,260,"[[1,0,0,1,1,1,1,1,0,0],[1,0,1,1,1,0,0,0,0,0]]",
3,2,2000,1783,64,0.0015336864064689165,0.028624152434989048,0.03172999118778942,775,"[[1,1,0,1,0,1,1,1,0,1],[1,1,1,1,0,0,0,0,1,0]]",
3,3,2000,1712,16,0.0015325196104617454,0.01686576759849257,0.017215321351121374,230,"[[1,1,0,1,0,1,1,1,0,0],[1,1,1,1,0,0,0,0,1,0]]",
3,4,2000,1465,4,0.001754165171474531,0.010227436929129276,0.008885936572263407,126,"[[1,1,0,0,1,1,1,1,0,1],[1,1,1,0,1,0,0,0,1,1]]","[[[1,1,0,0,0],[1,1,1,0,1]]]"
3,5,1024,1024,1,0.0034106617562482612,0.02076933188459644,0.010632950260577707,961,"[[1,1,0,0,0,1,1,1,1,0],[1,1,1,0,1,0,0,0,0,1]]","[[[1,1,0,0,0],[1,1,1,0,1]]]"
4,0,2000,1999,878,0.0021002385382531434,0.05669495005296751,0.06889619485076824,623,"[[1,0,1,1,0,1,1,1,0,0],[1,1,1,1,0,0,0,0,1,0]]",
4,1,2000,1779,253,0.0020176715932746707,0.03717710556937809,0.04192896783404271,1458,"[[1,1,0,0,1,1,1,1,0,0],[1,1,1,1,0,0,0,0,1,0]]",
4,2,2000,1548,64,0.001541375119142644,0.026266657640802184,0.029528752268698784,313,"[[1,1,0,1,1,1,1,1,1,1],[1,1,1,1,1,0,0,0,0,0]]",
4,3,2000,1675,16,0.0014878390036865406,0.01568283958756814,0.0160949454897802,149,"[[1,1,0,1,1,1,1,1,0,0],[1,1,1,1,1,0,0,0,0,0]]",
4,4,2000,1143,4,0.001754165171474531,0.01176883429330276,0.009481025884612174,0,"[[1,1,0,0,1,1,1,1,0,1],[1,1,1,0,1,0,0,0,1,1]]","[[[1,1,0,0,0],[1,1,1,0,1]]]"
4,5,1024,1024,1,0.0034106617562482612,0.02076933188459644,0.010632950260577707,961,"[[1,1,0,0,0,1,1,1,1,0],[1,1,1,0,1,0,0,0,0,1]]","[[[1,1,0,0,0],[1,1,1,0,1]]]"
5,0,2000,1997,881,0.00206416711188721,0.05928925376196318,0.07434712082545382,1288,"[[1,0,1,0,1,1,1,1,0,1],[1,1,0,1,1,0,0,0,1,1]]",
5,1,2000,1919,255,0.00175277829500091,0.03983377007548943,0.045671579245920184,946,"[[1,0,1,0,1,1,1,1,0,1],[1,1,1,0,0,0,1,0,0,1]]",
5,2,2000,1815,64,0.001819529437230485,0.028346563032998803,0.02965463909781521,196,"[[1,1,0,0,1,1,1,1,1,1],[1,1,1,0,1,0,0,0,1,0]]",
5,3,2000,1688,16,0.0015204722731465739,0.01905921300836434,0.019937488745834772,975,"[[1,1,0,1,1,1,1,1,1,0],[1,1,1,1,1,0,0,0,0,0]]",
5,4,2000,1345,4,0.001754165171474531,0.013141454273403035,0.010935646680824642,143,"[[1,1,0,0,1,1,1,1,0,1],[1,1,1,0,1,0,0,0,1,1]]","[[[1,1,0,0,0],[1,1,1,0,1]]]"
5,5,1024,1024,1,0.0034106617562482612,0.02076933188459644,0.010632950260577707,961,"[[1,1,0,0,0,1,1,1,1,0],[1,1,1,0,1,0,0,0,0,1]]","[[[1,1,0,0,0],[1,1,1,0,1]]]"
6,0,2000,1999,883,0.001998259433756511,0.05853731449783768,0.06996236248366426,810,"[[0,0,1,0,1,1,1,1,1,1],[0,1,0,1,1,0,0,0,0,0]]",
6,1,2000,1810,256,0.0017667520224474587,0.036833565827471916,0.04212454771255202,1047,"[[1,0,1,0,1,1,1,1,1,0],[1,1,1,0,0,0,1,0,0,0]]",
6,2,2000,1801,64,0.001541375119142644,0.026637477528211172,0.029036240488032307,1565,"[[1,1,0,1,1,1,1,1,1,1],[1,1,1,1,1,0,0,0,0,0]]",
6,3,2000,1707,16,0.0014906942089753733,0.013540885672882514,0.012986553016128307,1,"[[1,1,0,1,0,1,1,1,0,1],[1,1,1,1,0,0,0,0,0,1]]",
6,4,2000,1438,4,0.001754165171474531,0.00965508597688032,0.007757379805436717,40,"[[1,1,0,0,1,1,1,1,0,1],[1,1,1,0,1,0,0,0,1,1]]","[[[1,1,0,0,0],[1,1,1,0,1]]]"
6,5,1024,1024,1,0.0034106617562482612,0.02076933188459644,0.010632950260577707,961,"[[1,1,0,0,0,1,1,1,1,0],[1,1,1,0,1,0,0,0,0,1]]","[[[1,1,0,0,0],[1,1,1,0,1]]]"
7,0,2000,1999,881,0.0018741513763805534,0.058697475823684654,0.06866002752549864,871,"[[0,0,0,1,0,1,1,1,0,0],[0,1,0,0,1,0,0,0,0,0]]",
7,1,2000,1804,255,0.0018997750925334703,0.0367281907085016,0.04061458866398501,105,"[[1,0,0,1,0,1,1,1,0,0],[1,1,0,0,1,0,0,0,0,0]]",
7,2,2000,1835,64,0.001547191484652314,0.023705038239741908,0.02352615714685114,230,"[[1,1,0,1,1,1,1,1,1,0],[1,1,1,1,1,0,0,0,0,1]]",
7,3,2000,1709,16,0.0015336864064689165,0.019348916875677035,0.01877164052277638,1006,"[[1,1,0,1,0,1,1,1,0,1],[1,1,1,1,0,0,0,0,1,0]]",
7,4,2000,1422,4,0.001754165171474531,0.011215894222480096,0.008788956348645953,0,"[[1,1,0,0,1,1,1,1,0,1],[1,1,1,0,1,0,0,0,1,1]]","[[[1,1,0,0,0],[1,1,1,0,1]]]"
7,5,1024,1024,1,0.0034106617562482612,0.02076933188459644,0.010632950260577707,961,"[[1,1,0,0,0,1,1,1,1,0],[1,1,1,0,1,0,0,0,0,1]]","[[[1,1,0,0,0],[1,1,1,0,1]]]"
8,0,2000,1998,875,0.0014881272807133776,0.05579534800074999,0.06667208468687315,566,"[[1,1,0,1,0,1,1,1,0,0],[1,1,1,1,0,0,0,0,0,0]]",
8,1,2000,1798,256,0.0014881272807133776,0.0362147631199974,0.04188225574368459,0,"[[1,1,0,1,0,1,1,1,0,0],[1,1,1,1,0,0,0,0,0,0]]",
8,2,2000,1902,64,0.0014782042280571046,0.022211889020795815,0.02150970259639796,183,"[[1,1,0,1,0,1,1,1,0,1],[1,1,1,1,0,0,0,0,0,0]]",
8,3,2000,1809,16,0.0015121731584362278,0.015764205876525297,0.01470217740389789,287,"[[1,1,0,1,1,1,1,1,0,1],[1,1,1,1,1,0,0,0,0,0]]",
8,4,2000,1449,4,0.001754165171474531,0.01148226207832154,0.009269780280124583,184,"[[1,1,0,0,1,1,1,1,0,1],[1,1,1,0,1,0,0,0,1,1]]","[[[1,1,0,0,0],[1,1,1,0,1]]]"
8,5,1024,1024,1,0.0034106617562482612,0.02076933188459644,0.010632950260577707,961,"[[1,1,0,0,0,1,1,1,1,0],[1,1,1,0,1,0,0,0,0,1]]","[[[1,1,0,0,0],[1,1,1,0,1]]]"
9,0,2000,1998,875,0.0022154265668841346,0.05861234537000159,0.07013613933142851,708,"[[0,1,0,0,1,1,1,1,0,1],[0,1,1,0,0,1,0,0,0,0]]",
9,1,2000,1781,255,0.001571438089055872,0.03818117993114433,0.04343163177735401,101,"[[1,1,0,1,1,1,1,1,1,1],[1,1,1,1,1,0,0,0,0,1]]",
9,2,2000,1900,64,0.001541375119142644,0.021856269954283,0.02072973504686483,359,"[[1,1,0,1,1,1,1,1,1,1],[1,1,1,1,1,0,0,0,0,0]]",
9,3,2000,1826,16,0.0015121731584362278,0.015206724227724495,0.014011109303616988,175,"[[1,1,0,1,1,1,1,1,0,1],[1,1,1,1,1,0,0,0,0,0]]",
9,4,2000,1484,4,0.001754165171474531,0.01334073349138421,0.011266578987129594,3,"[[1,1,0,0,1,1,1,1,0,1],[1,1,1,0,1,0,0,0,1,1]]","[[[1,1,0,0,0],[1,1,1,0,1]]]"
9,5,1024,1024,1,0.0034106617562482612,0.02076933188459644,0.010632950260577707,961,"[[1,1,0,0,0,1,1,1,1,0],[1,1,1,0,1,0,0,0,0,1]]","[[[1,1,0,0,0],[1,1,1,0,1]]]"
10,0,2000,1997,888,0.0016922330315878385,0.05652949342217613,0.07002303326675295,623,"[[0,1,0,0,1,1,1,1,1,1],[1,0,1,0,1,0,0,0,0,0]]",
10,1,2000,1787,254,0.0017610961158482817,0.03756851110684073,0.04158148886170873,1817,"[[1,0,1,0,1,1,1,1,0,0],[1,1,1,0,0,0,1,0,0,0]]",
10,2,2000,1736,64,0.0017287488407107623,0.023218943998739,0.022656701993536178,388,"[[1,1,0,1,1,1,1,1,0,0],[1,1,1,1,1,0,0,0,1,1]]",
10,3,2000,1723,16,0.001497993634619114,0.015418088008065439,0.014673570869216035,372,"[[1,1,0,1,0,1,1,1,0,0],[1,1,1,1,0,0,0,0,0,1]]",
10,4,2000,1368,4,0.001754165171474531,0.010118422984628684,0.00776766568079502,324,"[[1,1,0,0,1,1,1,1,0,1],[1,1,1,0,1,0,0,0,1,1]]","[[[1,1,0,0,0],[1,1,1,0,1]]]"
10,5,1024,1024,1,0.0034106617562482612,0.02076933188459644,0.010632950260577707,961,"[[1,1,0,0,0,1,1,1,1,0],[1,1,1,0,1,0,0,0,0,1]]","[[[1,1,0,0,0],[1,1,1,0,1]]]"
