model,runtime
SEP-CNN,9.3131742477417
SEP-CNN,9.402365684509276
SEP-CNN,9.372403144836426
SEP-CNN,9.310224294662476
SEP-CNN,9.336012363433838
SEP-CNN,9.677665948867798
SEP-CNN,10.347663402557371
SEP-CNN,10.705713510513306
SEP-CNN,14.7218816280365
SEP-CNN,13.24785852432251
ResNet,19.27221918106079
ResNet,20.84523200988769
ResNet,18.63643193244934
ResNet,18.43019151687622
ResNet,18.55457091331482
ResNet,18.44689536094665
ResNet,24.42645502090454
ResNet,23.18232798576355
ResNet,18.11749768257141
ResNet,18.517064809799194
