generation,best_fitness,shape_error
0,-0.0007058851485493434,0.0007058851485493434
1,-0.0006647455757844655,0.0006647455757844655
2,-0.00012050511010278729,0.00012050511010278729
3,-0.00012050511010278729,0.00012050511010278729
4,-0.00011636296067893222,0.00011636296067893222
5,-0.00011636296067893222,0.00011636296067893222
0,-0.0011228231353425926,0.0011228231353425926
1,-0.00065926778873822,0.00065926778873822
2,-0.0014802986074425408,0.0014802986074425408
3,-0.00026506874697771946,0.00026506874697771946
4,-0.00011636296067893222,0.00011636296067893222
5,-0.00011636296067893222,0.00011636296067893222
0,-0.0016461463944761302,0.0016461463944761302
1,-0.00111092418253205,0.00111092418253205
2,-0.0009850479075613886,0.0009850479075613886
3,-0.00011961061608348394,0.00011961061608348394
4,-0.00011636296067893222,0.00011636296067893222
5,-0.00011636296067893222,0.00011636296067893222
0,-0.0016843693461605547,0.0016843693461605547
1,-0.00011961061608348394,0.00011961061608348394
2,-0.00011961061608348394,0.00011961061608348394
3,-0.00011636296067893222,0.00011636296067893222
4,-0.00011636296067893222,0.00011636296067893222
5,-0.00011636296067893222,0.00011636296067893222
0,-0.0009354481971192162,0.0009354481971192162
1,-0.001031955992503683,0.001031955992503683
2,-0.001915476119728748,0.001915476119728748
3,-0.0006396148409156623,0.0006396148409156623
4,-0.00011636296067893222,0.00011636296067893222
5,-0.00011636296067893222,0.00011636296067893222
0,-0.0010107050382907028,0.0010107050382907028
1,-0.0007093223156935307,0.0007093223156935307
2,-0.0006396148409156623,0.0006396148409156623
3,-0.00014119205711610012,0.00014119205711610012
4,-0.00011961061608348394,0.00011961061608348394
5,-0.00011636296067893222,0.00011636296067893222
0,-0.0004765737935641834,0.0004765737935641834
1,-0.0014791499995539176,0.0014791499995539176
2,-0.0013393357757669458,0.0013393357757669458
3,-0.00035711672570241465,0.00035711672570241465
4,-0.00012050511010278729,0.00012050511010278729
5,-0.00011636296067893222,0.00011636296067893222
0,-0.001219734451245653,0.001219734451245653
1,-0.001341452981989373,0.001341452981989373
2,-0.0009759200408870716,0.0009759200408870716
3,-0.00011961061608348394,0.00011961061608348394
4,-0.00011636296067893222,0.00011636296067893222
5,-0.00011636296067893222,0.00011636296067893222
0,-0.0002476312539025683,0.0002476312539025683
1,-0.0002476312539025683,0.0002476312539025683
2,-0.0002476312539025683,0.0002476312539025683
3,-0.0002476312539025683,0.0002476312539025683
4,-0.00011636296067893222,0.00011636296067893222
5,-0.00011636296067893222,0.00011636296067893222
0,-0.0014443283701470826,0.0014443283701470826
1,-0.001087047485800593,0.001087047485800593
2,-0.001675951245116333,0.001675951245116333
3,-0.00033742297333359486,0.00033742297333359486
4,-0.00011636296067893222,0.00011636296067893222
5,-0.00011636296067893222,0.00011636296067893222
